{"cameraMode":{"drawMode":0,"name":"Shaded","section":"Shading Mode"},"sceneLighting":false,"audioPlay":false,"sceneViewState":{"m_AlwaysRefresh":false,"showFog":true,"showSkybox":false,"showFlares":true,"showImageEffects":true,"showParticleSystems":true,"showVisualEffectGraphs":true,"m_FxEnabled":true},"in2DMode":false,"pivot":{"x":38.691097259521487,"y":10.080474853515625,"z":-29.735321044921876},"rotation":{"x":-0.01641097664833069,"y":0.6838735342025757,"z":-0.01538974978029728,"w":-0.7292532324790955},"size":3.5307676792144777,"orthographic":false}